<?xml version="1.0" encoding="utf-8"?>
<?xml-stylesheet type='text/xsl' href='ConversionLogFile.xsl'?>
<LogFile projectName="Prueba_Garra" typeText="Type" messageText="Message" timeText="Time">
  <MessageCell ServiceId="80" MessageId="30" MessageClass="Information" Timestamp="5/8/2023 10:27:32 AM">
    <Number ServiceNumber="80" MessageNumber="30" />
    <Text FeedbackText="Upgrade started" />
    <Help HelpId="-1" />
  </MessageCell>
  <Details ServiceId="80" MessageId="30" Timestamp="5/8/2023 10:27:34 AM" Debug="false">
    <Text>Reorganization succeed!</Text>
  </Details>
  <MessageCell ServiceId="80" MessageId="30" MessageClass="Information" Timestamp="5/8/2023 10:27:34 AM">
    <Number ServiceNumber="80" MessageNumber="30" />
    <Text FeedbackText="CheckRepair lost+found objects" />
    <Help HelpId="-1" />
  </MessageCell>
  <Details ServiceId="80" MessageId="30" Timestamp="5/8/2023 10:27:34 AM" Debug="false">
    <Text>No error is detected.</Text>
  </Details>
  <MessageCell ServiceId="80" MessageId="30" MessageClass="Information" Timestamp="5/8/2023 10:27:34 AM">
    <Number ServiceNumber="80" MessageNumber="30" />
    <Text FeedbackText="CheckRepair missing bidirectional links" />
    <Help HelpId="-1" />
  </MessageCell>
  <Details ServiceId="80" MessageId="30" Timestamp="5/8/2023 10:27:34 AM" Debug="false">
    <Text>No error is detected.</Text>
  </Details>
  <MessageCell ServiceId="80" MessageId="30" MessageClass="Information" Timestamp="5/8/2023 10:27:35 AM">
    <Number ServiceNumber="80" MessageNumber="30" />
    <Text FeedbackText="CheckRepair clear segment flags" />
    <Help HelpId="-1" />
  </MessageCell>
  <Details ServiceId="80" MessageId="30" Timestamp="5/8/2023 10:27:35 AM" Debug="false">
    <Text>No error is detected.</Text>
  </Details>
  <MessageCell ServiceId="80" MessageId="30" MessageClass="Information" Timestamp="5/8/2023 10:27:56 AM">
    <Number ServiceNumber="80" MessageNumber="30" />
    <Text FeedbackText="A user with the required engineering right &quot;ERROR: ResourceID 'ProjectManager.UpgradeProject' not found in resource of type Siemens.Automation.Umac.Resources.AccessControl.Administration.EngineeringRightsResources&quot; has logged on." />
    <Help HelpId="-1" />
  </MessageCell>
  <MessageCell ServiceId="80" MessageId="30" MessageClass="Information" Timestamp="5/8/2023 10:27:56 AM">
    <Number ServiceNumber="80" MessageNumber="30" />
    <Text FeedbackText="Starting removal of system role assignments compatibility from system device function rights" />
    <Help HelpId="-1" />
  </MessageCell>
  <MessageCell ServiceId="80" MessageId="30" MessageClass="Information" Timestamp="5/8/2023 10:27:57 AM">
    <Number ServiceNumber="80" MessageNumber="30" />
    <Text FeedbackText="Finished removal of system role assignments compatibility from system device function rights" />
    <Help HelpId="-1" />
  </MessageCell>
  <MessageCell ServiceId="80" MessageId="30" MessageClass="Information" Timestamp="5/8/2023 10:27:57 AM">
    <Number ServiceNumber="80" MessageNumber="30" />
    <Text FeedbackText="Removing outdated system roles." />
    <Help HelpId="-1" />
  </MessageCell>
  <MessageCell ServiceId="80" MessageId="30" MessageClass="Information" Timestamp="5/8/2023 10:27:57 AM">
    <Number ServiceNumber="80" MessageNumber="30" />
    <Text FeedbackText="The removal of outdated system roles has finished." />
    <Help HelpId="-1" />
  </MessageCell>
  <MessageCell ServiceId="80" MessageId="30" MessageClass="Information" Timestamp="5/8/2023 10:27:57 AM">
    <Number ServiceNumber="80" MessageNumber="30" />
    <Text FeedbackText="Starting change link between DFR and DFRSet" />
    <Help HelpId="-1" />
  </MessageCell>
  <MessageCell ServiceId="80" MessageId="30" MessageClass="Information" Timestamp="5/8/2023 10:27:57 AM">
    <Number ServiceNumber="80" MessageNumber="30" />
    <Text FeedbackText="Finished change link between DFR and DFRSet" />
    <Help HelpId="-1" />
  </MessageCell>
  <MessageCell ServiceId="80" MessageId="30" MessageClass="Warning" Timestamp="5/8/2023 10:28:10 AM">
    <Number ServiceNumber="80" MessageNumber="30" />
    <Text FeedbackText="Project element: '\PLC_1\ProgramBlocksFolder\Main' - Checksum inconsistency for 'General; Event'." />
    <Help HelpId="-1" />
  </MessageCell>
  <MessageCell ServiceId="80" MessageId="30" MessageClass="Information" Timestamp="5/8/2023 10:28:13 AM">
    <Number ServiceNumber="80" MessageNumber="30" />
    <Text FeedbackText="The cross-reference information is being converted." />
    <Help HelpId="-1" />
  </MessageCell>
  <MessageCell ServiceId="80" MessageId="30" MessageClass="Information" Timestamp="5/8/2023 10:28:15 AM">
    <Number ServiceNumber="80" MessageNumber="30" />
    <Text FeedbackText="The cross-reference information was created successfully." />
    <Help HelpId="-1" />
  </MessageCell>
  <MessageCell ServiceId="80" MessageId="30" MessageClass="Information" Timestamp="5/8/2023 10:28:15 AM">
    <Number ServiceNumber="80" MessageNumber="30" />
    <Text FeedbackText="Conversion of the cross-reference information is finished." />
    <Help HelpId="-1" />
  </MessageCell>
  <Details ServiceId="80" MessageId="30" Timestamp="5/8/2023 10:28:15 AM" Debug="false">
    <Text>Package container 'Siemens.Simatic.Lang.S7BSW.V16.0.0.0.NonMandatory' was deleted</Text>
  </Details>
  <Details ServiceId="80" MessageId="30" Timestamp="5/8/2023 10:28:15 AM" Debug="false">
    <Text>Package container 'HW.S71200.CPU.CPU_12XX.MDD_6ES72XX_XXXXX_XXXX_4.4_16.0.0' was deleted</Text>
  </Details>
  <MessageCell ServiceId="Automation-ObjectFrame-Feedbacks" MessageId="ConversionInfoTabProjectSucceeded" MessageClass="Success" Timestamp="5/8/2023 10:28:16 AM">
    <Number ServiceNumber="80" MessageNumber="34" />
    <Text FeedbackText="Project 'C:\Users\luisr\OneDrive - Instituto Tecnologico y de Estudios Superiores de Monterrey\Tec de Monterrey\Prueba_Garra\System\PEData.plf' was successfully upgraded and saved as project 'C:\Users\luisr\OneDrive - Instituto Tecnologico y de Estudios Superiores de Monterrey\Tec de Monterrey\Prueba_Garra_V17\System\PEData.plf'." />
    <Help HelpId="-1" HelpFile="" />
  </MessageCell>
  <MessageCell ServiceId="80" MessageId="30" MessageClass="Information" Timestamp="5/8/2023 10:28:17 AM">
    <Number ServiceNumber="80" MessageNumber="30" />
    <Text FeedbackText="FinalCheckRemainingErrors" />
    <Help HelpId="-1" />
  </MessageCell>
  <Details ServiceId="80" MessageId="30" Timestamp="5/8/2023 10:28:17 AM" Debug="false">
    <Text>No error is detected.</Text>
  </Details>
</LogFile>