<?xml version="1.0" encoding="utf-8"?>
<?xml-stylesheet type='text/xsl' href='ConversionLogFile.xsl'?>
<LogFile projectName="PRUEBA_GARRA_ENCODER_V17" typeText="Type" messageText="Message" timeText="Time">
  <MessageCell ServiceId="80" MessageId="30" MessageClass="Information" Timestamp="2/19/2024 8:08:03 AM">
    <Number ServiceNumber="80" MessageNumber="30" />
    <Text FeedbackText="Upgrade started" />
    <Help HelpId="-1" />
  </MessageCell>
  <Details ServiceId="80" MessageId="30" Timestamp="2/19/2024 8:08:08 AM" Debug="false">
    <Text>Reorganization succeed!</Text>
  </Details>
  <MessageCell ServiceId="80" MessageId="30" MessageClass="Information" Timestamp="2/19/2024 8:08:08 AM">
    <Number ServiceNumber="80" MessageNumber="30" />
    <Text FeedbackText="CheckRepair lost+found objects" />
    <Help HelpId="-1" />
  </MessageCell>
  <Details ServiceId="80" MessageId="30" Timestamp="2/19/2024 8:08:12 AM" Debug="false">
    <Text>No error is detected.</Text>
  </Details>
  <MessageCell ServiceId="80" MessageId="30" MessageClass="Information" Timestamp="2/19/2024 8:08:12 AM">
    <Number ServiceNumber="80" MessageNumber="30" />
    <Text FeedbackText="CheckRepair missing bidirectional links" />
    <Help HelpId="-1" />
  </MessageCell>
  <Details ServiceId="80" MessageId="30" Timestamp="2/19/2024 8:08:13 AM" Debug="false">
    <Text>No error is detected.</Text>
  </Details>
  <MessageCell ServiceId="80" MessageId="30" MessageClass="Information" Timestamp="2/19/2024 8:08:15 AM">
    <Number ServiceNumber="80" MessageNumber="30" />
    <Text FeedbackText="CheckRepair clear segment flags" />
    <Help HelpId="-1" />
  </MessageCell>
  <Details ServiceId="80" MessageId="30" Timestamp="2/19/2024 8:08:15 AM" Debug="false">
    <Text>No error is detected.</Text>
  </Details>
  <MessageCell ServiceId="80" MessageId="30" MessageClass="Information" Timestamp="2/19/2024 8:08:32 AM">
    <Number ServiceNumber="80" MessageNumber="30" />
    <Text FeedbackText="A user with the required engineering right &quot;ERROR: ResourceID 'ProjectManager.UpgradeProject' not found in resource of type Siemens.Automation.Umac.Resources.AccessControl.Administration.EngineeringRightsResources&quot; has logged on." />
    <Help HelpId="-1" />
  </MessageCell>
  <MessageCell ServiceId="80" MessageId="30" MessageClass="Information" Timestamp="2/19/2024 8:08:32 AM">
    <Number ServiceNumber="80" MessageNumber="30" />
    <Text FeedbackText="Starting removal of system role assignments compatibility from system device function rights" />
    <Help HelpId="-1" />
  </MessageCell>
  <MessageCell ServiceId="80" MessageId="30" MessageClass="Information" Timestamp="2/19/2024 8:08:32 AM">
    <Number ServiceNumber="80" MessageNumber="30" />
    <Text FeedbackText="Finished removal of system role assignments compatibility from system device function rights" />
    <Help HelpId="-1" />
  </MessageCell>
  <MessageCell ServiceId="80" MessageId="30" MessageClass="Information" Timestamp="2/19/2024 8:08:32 AM">
    <Number ServiceNumber="80" MessageNumber="30" />
    <Text FeedbackText="Removing outdated system roles." />
    <Help HelpId="-1" />
  </MessageCell>
  <MessageCell ServiceId="80" MessageId="30" MessageClass="Information" Timestamp="2/19/2024 8:08:32 AM">
    <Number ServiceNumber="80" MessageNumber="30" />
    <Text FeedbackText="The removal of outdated system roles has finished." />
    <Help HelpId="-1" />
  </MessageCell>
  <MessageCell ServiceId="80" MessageId="30" MessageClass="Information" Timestamp="2/19/2024 8:08:32 AM">
    <Number ServiceNumber="80" MessageNumber="30" />
    <Text FeedbackText="Starting change link between DFR and DFRSet" />
    <Help HelpId="-1" />
  </MessageCell>
  <MessageCell ServiceId="80" MessageId="30" MessageClass="Information" Timestamp="2/19/2024 8:08:32 AM">
    <Number ServiceNumber="80" MessageNumber="30" />
    <Text FeedbackText="Finished change link between DFR and DFRSet" />
    <Help HelpId="-1" />
  </MessageCell>
  <MessageCell ServiceId="80" MessageId="30" MessageClass="Warning" Timestamp="2/19/2024 8:08:43 AM">
    <Number ServiceNumber="80" MessageNumber="30" />
    <Text FeedbackText="Project element: '\Unidad01_Garra_Neumatica\ProgramBlocksFolder\Main' - Checksum inconsistency for 'General; Event'." />
    <Help HelpId="-1" />
  </MessageCell>
  <MessageCell ServiceId="80" MessageId="30" MessageClass="Warning" Timestamp="2/19/2024 8:08:43 AM">
    <Number ServiceNumber="80" MessageNumber="30" />
    <Text FeedbackText="Project element: '\Unidad02_Maquinados\ProgramBlocksFolder\Main' - Checksum inconsistency for 'General; Event'." />
    <Help HelpId="-1" />
  </MessageCell>
  <MessageCell ServiceId="80" MessageId="30" MessageClass="Warning" Timestamp="2/19/2024 8:08:43 AM">
    <Number ServiceNumber="80" MessageNumber="30" />
    <Text FeedbackText="Project element: '\Unidad01_Garra_Neumatica\ProgramBlocksFolder\Countermanagment' - Checksum inconsistency for 'General'." />
    <Help HelpId="-1" />
  </MessageCell>
  <MessageCell ServiceId="80" MessageId="30" MessageClass="Warning" Timestamp="2/19/2024 8:08:43 AM">
    <Number ServiceNumber="80" MessageNumber="30" />
    <Text FeedbackText="Project element: '\Unidad01_Garra_Neumatica\ProgramBlocksFolder\Cyclic interrupt' - Checksum inconsistency for 'General; Event'." />
    <Help HelpId="-1" />
  </MessageCell>
  <MessageCell ServiceId="80" MessageId="30" MessageClass="Warning" Timestamp="2/19/2024 8:08:43 AM">
    <Number ServiceNumber="80" MessageNumber="30" />
    <Text FeedbackText="Project element: '\Unidad01_Garra_Neumatica\ProgramBlocksFolder\Countermanagment_DB' - Checksum inconsistency for 'General'." />
    <Help HelpId="-1" />
  </MessageCell>
  <MessageCell ServiceId="80" MessageId="30" MessageClass="Warning" Timestamp="2/19/2024 8:08:43 AM">
    <Number ServiceNumber="80" MessageNumber="30" />
    <Text FeedbackText="Project element: '\Unidad01_Garra_Neumatica\ProgramBlocksFolder\SystemBlocksFolder\ProgramResourcesFolder\CTRL_HSC_0_DB' - Checksum inconsistency for 'General'." />
    <Help HelpId="-1" />
  </MessageCell>
  <MessageCell ServiceId="80" MessageId="30" MessageClass="Warning" Timestamp="2/19/2024 8:08:43 AM">
    <Number ServiceNumber="80" MessageNumber="30" />
    <Text FeedbackText="Project element: '\Unidad01_Garra_Neumatica\ProgramBlocksFolder\DATOS_INTERPLC_(RECIBIR)' - Checksum inconsistency for 'General'." />
    <Help HelpId="-1" />
  </MessageCell>
  <MessageCell ServiceId="80" MessageId="30" MessageClass="Warning" Timestamp="2/19/2024 8:08:43 AM">
    <Number ServiceNumber="80" MessageNumber="30" />
    <Text FeedbackText="Project element: '\Unidad01_Garra_Neumatica\ProgramBlocksFolder\SystemBlocksFolder\ProgramResourcesFolder\GET_DB' - Checksum inconsistency for 'General'." />
    <Help HelpId="-1" />
  </MessageCell>
  <MessageCell ServiceId="80" MessageId="30" MessageClass="Warning" Timestamp="2/19/2024 8:08:43 AM">
    <Number ServiceNumber="80" MessageNumber="30" />
    <Text FeedbackText="Project element: '\Unidad02_Maquinados\ProgramBlocksFolder\DATOS_INTERPLC_(ENVIAR)' - Checksum inconsistency for 'General'." />
    <Help HelpId="-1" />
  </MessageCell>
  <MessageCell ServiceId="80" MessageId="30" MessageClass="Warning" Timestamp="2/19/2024 8:08:43 AM">
    <Number ServiceNumber="80" MessageNumber="30" />
    <Text FeedbackText="Project element: '\Unidad02_Maquinados\ProgramBlocksFolder\SystemBlocksFolder\ProgramResourcesFolder\GET_DB' - Checksum inconsistency for 'General'." />
    <Help HelpId="-1" />
  </MessageCell>
  <MessageCell ServiceId="80" MessageId="30" MessageClass="Warning" Timestamp="2/19/2024 8:08:43 AM">
    <Number ServiceNumber="80" MessageNumber="30" />
    <Text FeedbackText="Project element: '\Unidad02_Maquinados\ProgramBlocksFolder\DATOS_INTERPLC_(RECIBIR)' - Checksum inconsistency for 'General'." />
    <Help HelpId="-1" />
  </MessageCell>
  <MessageCell ServiceId="80" MessageId="30" MessageClass="Warning" Timestamp="2/19/2024 8:08:43 AM">
    <Number ServiceNumber="80" MessageNumber="30" />
    <Text FeedbackText="Project element: '\Unidad01_Garra_Neumatica\ProgramBlocksFolder\DATOS_INTERPLC_(ENVIAR)' - Checksum inconsistency for 'General'." />
    <Help HelpId="-1" />
  </MessageCell>
  <MessageCell ServiceId="80" MessageId="30" MessageClass="Warning" Timestamp="2/19/2024 8:08:43 AM">
    <Number ServiceNumber="80" MessageNumber="30" />
    <Text FeedbackText="Project element: '\Unidad01_Garra_Neumatica\ProgramBlocksFolder\SystemBlocksFolder\ProgramResourcesFolder\One_Hot' - Checksum inconsistency for 'General'." />
    <Help HelpId="-1" />
  </MessageCell>
  <MessageCell ServiceId="80" MessageId="30" MessageClass="Warning" Timestamp="2/19/2024 8:08:43 AM">
    <Number ServiceNumber="80" MessageNumber="30" />
    <Text FeedbackText="Project element: '\Unidad02_Maquinados\ProgramBlocksFolder\SystemBlocksFolder\ProgramResourcesFolder\Pulso_M0-1' - Checksum inconsistency for 'General'." />
    <Help HelpId="-1" />
  </MessageCell>
  <MessageCell ServiceId="80" MessageId="30" MessageClass="Warning" Timestamp="2/19/2024 8:08:43 AM">
    <Number ServiceNumber="80" MessageNumber="30" />
    <Text FeedbackText="Project element: '\Unidad02_Maquinados\ProgramBlocksFolder\SystemBlocksFolder\ProgramResourcesFolder\Pulso_M0-2' - Checksum inconsistency for 'General'." />
    <Help HelpId="-1" />
  </MessageCell>
  <MessageCell ServiceId="80" MessageId="30" MessageClass="Warning" Timestamp="2/19/2024 8:08:43 AM">
    <Number ServiceNumber="80" MessageNumber="30" />
    <Text FeedbackText="Project element: '\Unidad01_Garra_Neumatica\ProgramBlocksFolder\SystemBlocksFolder\ProgramResourcesFolder\Pulso_M0-3' - Checksum inconsistency for 'General'." />
    <Help HelpId="-1" />
  </MessageCell>
  <MessageCell ServiceId="80" MessageId="30" MessageClass="Warning" Timestamp="2/19/2024 8:08:43 AM">
    <Number ServiceNumber="80" MessageNumber="30" />
    <Text FeedbackText="Project element: '\Unidad01_Garra_Neumatica\ProgramBlocksFolder\SystemBlocksFolder\ProgramResourcesFolder\Pulso_M0-4' - Checksum inconsistency for 'General'." />
    <Help HelpId="-1" />
  </MessageCell>
  <MessageCell ServiceId="80" MessageId="30" MessageClass="Warning" Timestamp="2/19/2024 8:08:43 AM">
    <Number ServiceNumber="80" MessageNumber="30" />
    <Text FeedbackText="Project element: '\Unidad01_Garra_Neumatica\ProgramBlocksFolder\SystemBlocksFolder\ProgramResourcesFolder\Pulso_M0-6' - Checksum inconsistency for 'General'." />
    <Help HelpId="-1" />
  </MessageCell>
  <MessageCell ServiceId="80" MessageId="30" MessageClass="Warning" Timestamp="2/19/2024 8:08:43 AM">
    <Number ServiceNumber="80" MessageNumber="30" />
    <Text FeedbackText="Project element: '\Unidad01_Garra_Neumatica\ProgramBlocksFolder\SystemBlocksFolder\ProgramResourcesFolder\Pulso-M0-5' - Checksum inconsistency for 'General'." />
    <Help HelpId="-1" />
  </MessageCell>
  <MessageCell ServiceId="80" MessageId="30" MessageClass="Warning" Timestamp="2/19/2024 8:08:43 AM">
    <Number ServiceNumber="80" MessageNumber="30" />
    <Text FeedbackText="Project element: '\Unidad01_Garra_Neumatica\ProgramBlocksFolder\SystemBlocksFolder\ProgramResourcesFolder\Pulso_M1-0' - Checksum inconsistency for 'General'." />
    <Help HelpId="-1" />
  </MessageCell>
  <MessageCell ServiceId="80" MessageId="30" MessageClass="Warning" Timestamp="2/19/2024 8:08:43 AM">
    <Number ServiceNumber="80" MessageNumber="30" />
    <Text FeedbackText="Project element: '\Unidad01_Garra_Neumatica\ProgramBlocksFolder\SystemBlocksFolder\ProgramResourcesFolder\Tiempo01' - Checksum inconsistency for 'General'." />
    <Help HelpId="-1" />
  </MessageCell>
  <MessageCell ServiceId="80" MessageId="30" MessageClass="Warning" Timestamp="2/19/2024 8:08:43 AM">
    <Number ServiceNumber="80" MessageNumber="30" />
    <Text FeedbackText="Project element: '\Unidad01_Garra_Neumatica\ProgramBlocksFolder\SystemBlocksFolder\ProgramResourcesFolder\Pulso_M1-6' - Checksum inconsistency for 'General'." />
    <Help HelpId="-1" />
  </MessageCell>
  <MessageCell ServiceId="80" MessageId="30" MessageClass="Warning" Timestamp="2/19/2024 8:08:43 AM">
    <Number ServiceNumber="80" MessageNumber="30" />
    <Text FeedbackText="Project element: '\Unidad01_Garra_Neumatica\ProgramBlocksFolder\SystemBlocksFolder\ProgramResourcesFolder\Tiempo02' - Checksum inconsistency for 'General'." />
    <Help HelpId="-1" />
  </MessageCell>
  <MessageCell ServiceId="80" MessageId="30" MessageClass="Warning" Timestamp="2/19/2024 8:08:44 AM">
    <Number ServiceNumber="80" MessageNumber="30" />
    <Text FeedbackText="Project element: '\Unidad01_Garra_Neumatica\ProgramBlocksFolder\SystemBlocksFolder\ProgramResourcesFolder\Pulso_M1-7' - Checksum inconsistency for 'General'." />
    <Help HelpId="-1" />
  </MessageCell>
  <MessageCell ServiceId="80" MessageId="30" MessageClass="Warning" Timestamp="2/19/2024 8:08:44 AM">
    <Number ServiceNumber="80" MessageNumber="30" />
    <Text FeedbackText="Project element: '\Unidad01_Garra_Neumatica\ProgramBlocksFolder\SystemBlocksFolder\ProgramResourcesFolder\Pulso_M2-0' - Checksum inconsistency for 'General'." />
    <Help HelpId="-1" />
  </MessageCell>
  <MessageCell ServiceId="80" MessageId="30" MessageClass="Warning" Timestamp="2/19/2024 8:08:44 AM">
    <Number ServiceNumber="80" MessageNumber="30" />
    <Text FeedbackText="Project element: '\Unidad01_Garra_Neumatica\ProgramBlocksFolder\SystemBlocksFolder\ProgramResourcesFolder\Tiempo03' - Checksum inconsistency for 'General'." />
    <Help HelpId="-1" />
  </MessageCell>
  <MessageCell ServiceId="80" MessageId="30" MessageClass="Warning" Timestamp="2/19/2024 8:08:44 AM">
    <Number ServiceNumber="80" MessageNumber="30" />
    <Text FeedbackText="Project element: '\Unidad01_Garra_Neumatica\ProgramBlocksFolder\SystemBlocksFolder\ProgramResourcesFolder\Pulso_M2-1' - Checksum inconsistency for 'General'." />
    <Help HelpId="-1" />
  </MessageCell>
  <MessageCell ServiceId="80" MessageId="30" MessageClass="Warning" Timestamp="2/19/2024 8:08:44 AM">
    <Number ServiceNumber="80" MessageNumber="30" />
    <Text FeedbackText="Project element: '\Unidad01_Garra_Neumatica\ProgramBlocksFolder\SystemBlocksFolder\ProgramResourcesFolder\GET_DB_1' - Checksum inconsistency for 'General'." />
    <Help HelpId="-1" />
  </MessageCell>
  <MessageCell ServiceId="80" MessageId="30" MessageClass="Warning" Timestamp="2/19/2024 8:08:44 AM">
    <Number ServiceNumber="80" MessageNumber="30" />
    <Text FeedbackText="Project element: '\Unidad01_Garra_Neumatica\ProgramBlocksFolder\SystemBlocksFolder\ProgramResourcesFolder\Pulso_M0-0' - Checksum inconsistency for 'General'." />
    <Help HelpId="-1" />
  </MessageCell>
  <MessageCell ServiceId="80" MessageId="30" MessageClass="Warning" Timestamp="2/19/2024 8:08:44 AM">
    <Number ServiceNumber="80" MessageNumber="30" />
    <Text FeedbackText="Project element: '\Unidad01_Garra_Neumatica\ProgramBlocksFolder\SystemBlocksFolder\ProgramResourcesFolder\Pulso_M1-5' - Checksum inconsistency for 'General'." />
    <Help HelpId="-1" />
  </MessageCell>
  <MessageCell ServiceId="80" MessageId="30" MessageClass="Warning" Timestamp="2/19/2024 8:08:44 AM">
    <Number ServiceNumber="80" MessageNumber="30" />
    <Text FeedbackText="Project element: '\Unidad01_Garra_Neumatica\ProgramBlocksFolder\SystemBlocksFolder\ProgramResourcesFolder\Pulso_M7' - Checksum inconsistency for 'General'." />
    <Help HelpId="-1" />
  </MessageCell>
  <MessageCell ServiceId="80" MessageId="30" MessageClass="Warning" Timestamp="2/19/2024 8:08:44 AM">
    <Number ServiceNumber="80" MessageNumber="30" />
    <Text FeedbackText="Project element: '\Unidad02_Maquinados\ProgramBlocksFolder\SystemBlocksFolder\ProgramResourcesFolder\Pulso_M1-1' - Checksum inconsistency for 'General'." />
    <Help HelpId="-1" />
  </MessageCell>
  <MessageCell ServiceId="80" MessageId="30" MessageClass="Warning" Timestamp="2/19/2024 8:08:44 AM">
    <Number ServiceNumber="80" MessageNumber="30" />
    <Text FeedbackText="Project element: '\Unidad02_Maquinados\ProgramBlocksFolder\SystemBlocksFolder\ProgramResourcesFolder\Timer04' - Checksum inconsistency for 'General'." />
    <Help HelpId="-1" />
  </MessageCell>
  <MessageCell ServiceId="80" MessageId="30" MessageClass="Warning" Timestamp="2/19/2024 8:08:44 AM">
    <Number ServiceNumber="80" MessageNumber="30" />
    <Text FeedbackText="Project element: '\Unidad02_Maquinados\ProgramBlocksFolder\SystemBlocksFolder\ProgramResourcesFolder\Pulso_M2-2' - Checksum inconsistency for 'General'." />
    <Help HelpId="-1" />
  </MessageCell>
  <MessageCell ServiceId="80" MessageId="30" MessageClass="Warning" Timestamp="2/19/2024 8:08:44 AM">
    <Number ServiceNumber="80" MessageNumber="30" />
    <Text FeedbackText="Project element: '\Unidad02_Maquinados\ProgramBlocksFolder\SystemBlocksFolder\ProgramResourcesFolder\Pulso_M2-3' - Checksum inconsistency for 'General'." />
    <Help HelpId="-1" />
  </MessageCell>
  <MessageCell ServiceId="80" MessageId="30" MessageClass="Warning" Timestamp="2/19/2024 8:08:44 AM">
    <Number ServiceNumber="80" MessageNumber="30" />
    <Text FeedbackText="Project element: '\Unidad02_Maquinados\ProgramBlocksFolder\SystemBlocksFolder\ProgramResourcesFolder\Pulso_M2-4' - Checksum inconsistency for 'General'." />
    <Help HelpId="-1" />
  </MessageCell>
  <MessageCell ServiceId="80" MessageId="30" MessageClass="Warning" Timestamp="2/19/2024 8:08:44 AM">
    <Number ServiceNumber="80" MessageNumber="30" />
    <Text FeedbackText="Project element: '\Unidad02_Maquinados\ProgramBlocksFolder\SystemBlocksFolder\ProgramResourcesFolder\Pulso_M1-2' - Checksum inconsistency for 'General'." />
    <Help HelpId="-1" />
  </MessageCell>
  <MessageCell ServiceId="80" MessageId="30" MessageClass="Warning" Timestamp="2/19/2024 8:08:44 AM">
    <Number ServiceNumber="80" MessageNumber="30" />
    <Text FeedbackText="Project element: '\Unidad02_Maquinados\ProgramBlocksFolder\SystemBlocksFolder\ProgramResourcesFolder\Timer05' - Checksum inconsistency for 'General'." />
    <Help HelpId="-1" />
  </MessageCell>
  <MessageCell ServiceId="80" MessageId="30" MessageClass="Warning" Timestamp="2/19/2024 8:08:44 AM">
    <Number ServiceNumber="80" MessageNumber="30" />
    <Text FeedbackText="Project element: '\Unidad02_Maquinados\ProgramBlocksFolder\SystemBlocksFolder\ProgramResourcesFolder\Pulso_M2-5' - Checksum inconsistency for 'General'." />
    <Help HelpId="-1" />
  </MessageCell>
  <MessageCell ServiceId="80" MessageId="30" MessageClass="Warning" Timestamp="2/19/2024 8:08:44 AM">
    <Number ServiceNumber="80" MessageNumber="30" />
    <Text FeedbackText="Project element: '\Unidad02_Maquinados\ProgramBlocksFolder\SystemBlocksFolder\ProgramResourcesFolder\Pulso_M1-3' - Checksum inconsistency for 'General'." />
    <Help HelpId="-1" />
  </MessageCell>
  <MessageCell ServiceId="80" MessageId="30" MessageClass="Warning" Timestamp="2/19/2024 8:08:44 AM">
    <Number ServiceNumber="80" MessageNumber="30" />
    <Text FeedbackText="Project element: '\Unidad02_Maquinados\ProgramBlocksFolder\SystemBlocksFolder\ProgramResourcesFolder\Timer06' - Checksum inconsistency for 'General'." />
    <Help HelpId="-1" />
  </MessageCell>
  <MessageCell ServiceId="80" MessageId="30" MessageClass="Warning" Timestamp="2/19/2024 8:08:44 AM">
    <Number ServiceNumber="80" MessageNumber="30" />
    <Text FeedbackText="Project element: '\Unidad02_Maquinados\ProgramBlocksFolder\SystemBlocksFolder\ProgramResourcesFolder\Pulso_M2-6' - Checksum inconsistency for 'General'." />
    <Help HelpId="-1" />
  </MessageCell>
  <MessageCell ServiceId="80" MessageId="30" MessageClass="Warning" Timestamp="2/19/2024 8:08:44 AM">
    <Number ServiceNumber="80" MessageNumber="30" />
    <Text FeedbackText="Project element: '\Unidad02_Maquinados\ProgramBlocksFolder\SystemBlocksFolder\ProgramResourcesFolder\Timer07' - Checksum inconsistency for 'General'." />
    <Help HelpId="-1" />
  </MessageCell>
  <MessageCell ServiceId="80" MessageId="30" MessageClass="Warning" Timestamp="2/19/2024 8:08:44 AM">
    <Number ServiceNumber="80" MessageNumber="30" />
    <Text FeedbackText="Project element: '\Unidad02_Maquinados\ProgramBlocksFolder\SystemBlocksFolder\ProgramResourcesFolder\Pulso_M2-7' - Checksum inconsistency for 'General'." />
    <Help HelpId="-1" />
  </MessageCell>
  <MessageCell ServiceId="80" MessageId="30" MessageClass="Warning" Timestamp="2/19/2024 8:08:44 AM">
    <Number ServiceNumber="80" MessageNumber="30" />
    <Text FeedbackText="Project element: '\Unidad02_Maquinados\ProgramBlocksFolder\SystemBlocksFolder\ProgramResourcesFolder\Pulso_M3-0' - Checksum inconsistency for 'General'." />
    <Help HelpId="-1" />
  </MessageCell>
  <MessageCell ServiceId="80" MessageId="30" MessageClass="Warning" Timestamp="2/19/2024 8:08:44 AM">
    <Number ServiceNumber="80" MessageNumber="30" />
    <Text FeedbackText="Project element: '\Unidad02_Maquinados\ProgramBlocksFolder\SystemBlocksFolder\ProgramResourcesFolder\Pulso_M3-1' - Checksum inconsistency for 'General'." />
    <Help HelpId="-1" />
  </MessageCell>
  <MessageCell ServiceId="80" MessageId="30" MessageClass="Warning" Timestamp="2/19/2024 8:08:44 AM">
    <Number ServiceNumber="80" MessageNumber="30" />
    <Text FeedbackText="Project element: '\Unidad02_Maquinados\ProgramBlocksFolder\SystemBlocksFolder\ProgramResourcesFolder\Pulso-M3-2' - Checksum inconsistency for 'General'." />
    <Help HelpId="-1" />
  </MessageCell>
  <MessageCell ServiceId="80" MessageId="30" MessageClass="Warning" Timestamp="2/19/2024 8:08:44 AM">
    <Number ServiceNumber="80" MessageNumber="30" />
    <Text FeedbackText="Project element: '\Unidad02_Maquinados\ProgramBlocksFolder\SystemBlocksFolder\ProgramResourcesFolder\Timer08' - Checksum inconsistency for 'General'." />
    <Help HelpId="-1" />
  </MessageCell>
  <MessageCell ServiceId="80" MessageId="30" MessageClass="Warning" Timestamp="2/19/2024 8:08:44 AM">
    <Number ServiceNumber="80" MessageNumber="30" />
    <Text FeedbackText="Project element: '\Unidad02_Maquinados\ProgramBlocksFolder\SystemBlocksFolder\ProgramResourcesFolder\Pulso_M3-3' - Checksum inconsistency for 'General'." />
    <Help HelpId="-1" />
  </MessageCell>
  <MessageCell ServiceId="80" MessageId="30" MessageClass="Warning" Timestamp="2/19/2024 8:08:44 AM">
    <Number ServiceNumber="80" MessageNumber="30" />
    <Text FeedbackText="Project element: '\Unidad02_Maquinados\ProgramBlocksFolder\SystemBlocksFolder\ProgramResourcesFolder\GET_DB_1' - Checksum inconsistency for 'General'." />
    <Help HelpId="-1" />
  </MessageCell>
  <MessageCell ServiceId="80" MessageId="30" MessageClass="Warning" Timestamp="2/19/2024 8:08:44 AM">
    <Number ServiceNumber="80" MessageNumber="30" />
    <Text FeedbackText="Project element: '\Unidad02_Maquinados\ProgramBlocksFolder\SystemBlocksFolder\ProgramResourcesFolder\Pulso_M1-4' - Checksum inconsistency for 'General'." />
    <Help HelpId="-1" />
  </MessageCell>
  <MessageCell ServiceId="80" MessageId="30" MessageClass="Warning" Timestamp="2/19/2024 8:08:44 AM">
    <Number ServiceNumber="80" MessageNumber="30" />
    <Text FeedbackText="Project element: '\Unidad01_Garra_Neumatica\ProgramBlocksFolder\Datos de Posicion' - Checksum inconsistency for 'General'." />
    <Help HelpId="-1" />
  </MessageCell>
  <MessageCell ServiceId="80" MessageId="30" MessageClass="Warning" Timestamp="2/19/2024 8:08:44 AM">
    <Number ServiceNumber="80" MessageNumber="30" />
    <Text FeedbackText="Project element: '\Unidad01_Garra_Neumatica\ProgramBlocksFolder\SystemBlocksFolder\ProgramResourcesFolder\Pulso_M3-4' - Checksum inconsistency for 'General'." />
    <Help HelpId="-1" />
  </MessageCell>
  <MessageCell ServiceId="80" MessageId="30" MessageClass="Warning" Timestamp="2/19/2024 8:08:44 AM">
    <Number ServiceNumber="80" MessageNumber="30" />
    <Text FeedbackText="Project element: '\Unidad01_Garra_Neumatica\ProgramBlocksFolder\SystemBlocksFolder\ProgramResourcesFolder\Pulso-M3-5' - Checksum inconsistency for 'General'." />
    <Help HelpId="-1" />
  </MessageCell>
  <MessageCell ServiceId="80" MessageId="30" MessageClass="Warning" Timestamp="2/19/2024 8:08:44 AM">
    <Number ServiceNumber="80" MessageNumber="30" />
    <Text FeedbackText="Project element: '\Unidad01_Garra_Neumatica\ProgramBlocksFolder\SystemBlocksFolder\ProgramResourcesFolder\Pulso_M3.6' - Checksum inconsistency for 'General'." />
    <Help HelpId="-1" />
  </MessageCell>
  <MessageCell ServiceId="80" MessageId="30" MessageClass="Warning" Timestamp="2/19/2024 8:08:44 AM">
    <Number ServiceNumber="80" MessageNumber="30" />
    <Text FeedbackText="Project element: '\Unidad01_Garra_Neumatica\ProgramBlocksFolder\SystemBlocksFolder\ProgramResourcesFolder\Pulso_M4-0' - Checksum inconsistency for 'General'." />
    <Help HelpId="-1" />
  </MessageCell>
  <MessageCell ServiceId="80" MessageId="30" MessageClass="Warning" Timestamp="2/19/2024 8:08:44 AM">
    <Number ServiceNumber="80" MessageNumber="30" />
    <Text FeedbackText="Project element: '\Unidad01_Garra_Neumatica\ProgramBlocksFolder\SystemBlocksFolder\ProgramResourcesFolder\Pulso_M4-1' - Checksum inconsistency for 'General'." />
    <Help HelpId="-1" />
  </MessageCell>
  <MessageCell ServiceId="80" MessageId="30" MessageClass="Warning" Timestamp="2/19/2024 8:08:44 AM">
    <Number ServiceNumber="80" MessageNumber="30" />
    <Text FeedbackText="Project element: '\Unidad01_Garra_Neumatica\ProgramBlocksFolder\SystemBlocksFolder\ProgramResourcesFolder\Pulso_M4-3' - Checksum inconsistency for 'General'." />
    <Help HelpId="-1" />
  </MessageCell>
  <MessageCell ServiceId="80" MessageId="30" MessageClass="Warning" Timestamp="2/19/2024 8:08:44 AM">
    <Number ServiceNumber="80" MessageNumber="30" />
    <Text FeedbackText="Project element: '\Unidad01_Garra_Neumatica\ProgramBlocksFolder\SystemBlocksFolder\ProgramResourcesFolder\Pulso_M4-4' - Checksum inconsistency for 'General'." />
    <Help HelpId="-1" />
  </MessageCell>
  <MessageCell ServiceId="80" MessageId="30" MessageClass="Warning" Timestamp="2/19/2024 8:08:44 AM">
    <Number ServiceNumber="80" MessageNumber="30" />
    <Text FeedbackText="Project element: '\Unidad02_Maquinados\ProgramBlocksFolder\Datos de Posicion 2' - Checksum inconsistency for 'General'." />
    <Help HelpId="-1" />
  </MessageCell>
  <MessageCell ServiceId="80" MessageId="30" MessageClass="Warning" Timestamp="2/19/2024 8:08:44 AM">
    <Number ServiceNumber="80" MessageNumber="30" />
    <Text FeedbackText="Project element: '\Unidad02_Maquinados\ProgramBlocksFolder\SystemBlocksFolder\ProgramResourcesFolder\Pulso_M4-5' - Checksum inconsistency for 'General'." />
    <Help HelpId="-1" />
  </MessageCell>
  <MessageCell ServiceId="80" MessageId="30" MessageClass="Warning" Timestamp="2/19/2024 8:08:44 AM">
    <Number ServiceNumber="80" MessageNumber="30" />
    <Text FeedbackText="Project element: '\Unidad02_Maquinados\ProgramBlocksFolder\SystemBlocksFolder\ProgramResourcesFolder\Pulso-M4-6' - Checksum inconsistency for 'General'." />
    <Help HelpId="-1" />
  </MessageCell>
  <MessageCell ServiceId="80" MessageId="30" MessageClass="Warning" Timestamp="2/19/2024 8:08:44 AM">
    <Number ServiceNumber="80" MessageNumber="30" />
    <Text FeedbackText="Project element: '\Unidad02_Maquinados\ProgramBlocksFolder\SystemBlocksFolder\ProgramResourcesFolder\IEC_Timer_0_DB' - Checksum inconsistency for 'General'." />
    <Help HelpId="-1" />
  </MessageCell>
  <MessageCell ServiceId="80" MessageId="30" MessageClass="Warning" Timestamp="2/19/2024 8:08:44 AM">
    <Number ServiceNumber="80" MessageNumber="30" />
    <Text FeedbackText="Project element: '\Unidad02_Maquinados\ProgramBlocksFolder\SystemBlocksFolder\ProgramResourcesFolder\Pulso_M5-0' - Checksum inconsistency for 'General'." />
    <Help HelpId="-1" />
  </MessageCell>
  <MessageCell ServiceId="80" MessageId="30" MessageClass="Warning" Timestamp="2/19/2024 8:08:44 AM">
    <Number ServiceNumber="80" MessageNumber="30" />
    <Text FeedbackText="Project element: '\Unidad02_Maquinados\ProgramBlocksFolder\SystemBlocksFolder\ProgramResourcesFolder\Timer09' - Checksum inconsistency for 'General'." />
    <Help HelpId="-1" />
  </MessageCell>
  <MessageCell ServiceId="80" MessageId="30" MessageClass="Warning" Timestamp="2/19/2024 8:08:44 AM">
    <Number ServiceNumber="80" MessageNumber="30" />
    <Text FeedbackText="Project element: '\Unidad02_Maquinados\ProgramBlocksFolder\SystemBlocksFolder\ProgramResourcesFolder\Pulso_M5-1' - Checksum inconsistency for 'General'." />
    <Help HelpId="-1" />
  </MessageCell>
  <MessageCell ServiceId="80" MessageId="30" MessageClass="Warning" Timestamp="2/19/2024 8:08:44 AM">
    <Number ServiceNumber="80" MessageNumber="30" />
    <Text FeedbackText="Project element: '\Unidad01_Garra_Neumatica\ProgramBlocksFolder\SystemBlocksFolder\ProgramResourcesFolder\GET_DB_2' - Checksum inconsistency for 'General'." />
    <Help HelpId="-1" />
  </MessageCell>
  <MessageCell ServiceId="80" MessageId="30" MessageClass="Warning" Timestamp="2/19/2024 8:08:44 AM">
    <Number ServiceNumber="80" MessageNumber="30" />
    <Text FeedbackText="Project element: '\Unidad01_Garra_Neumatica\ProgramBlocksFolder\SystemBlocksFolder\ProgramResourcesFolder\Pulso_M5-2' - Checksum inconsistency for 'General'." />
    <Help HelpId="-1" />
  </MessageCell>
  <MessageCell ServiceId="80" MessageId="30" MessageClass="Warning" Timestamp="2/19/2024 8:08:44 AM">
    <Number ServiceNumber="80" MessageNumber="30" />
    <Text FeedbackText="Project element: '\Unidad01_Garra_Neumatica\ProgramBlocksFolder\SystemBlocksFolder\ProgramResourcesFolder\Pulso_M5-3' - Checksum inconsistency for 'General'." />
    <Help HelpId="-1" />
  </MessageCell>
  <MessageCell ServiceId="80" MessageId="30" MessageClass="Warning" Timestamp="2/19/2024 8:08:44 AM">
    <Number ServiceNumber="80" MessageNumber="30" />
    <Text FeedbackText="Project element: '\Unidad01_Garra_Neumatica\ProgramBlocksFolder\SystemBlocksFolder\ProgramResourcesFolder\Pulso_5-4' - Checksum inconsistency for 'General'." />
    <Help HelpId="-1" />
  </MessageCell>
  <MessageCell ServiceId="80" MessageId="30" MessageClass="Warning" Timestamp="2/19/2024 8:08:44 AM">
    <Number ServiceNumber="80" MessageNumber="30" />
    <Text FeedbackText="Project element: '\Unidad01_Garra_Neumatica\ProgramBlocksFolder\SystemBlocksFolder\ProgramResourcesFolder\Pulso_M5-5' - Checksum inconsistency for 'General'." />
    <Help HelpId="-1" />
  </MessageCell>
  <MessageCell ServiceId="80" MessageId="30" MessageClass="Warning" Timestamp="2/19/2024 8:08:44 AM">
    <Number ServiceNumber="80" MessageNumber="30" />
    <Text FeedbackText="Project element: '\Unidad01_Garra_Neumatica\ProgramBlocksFolder\SystemBlocksFolder\ProgramResourcesFolder\Pulso_M5-6' - Checksum inconsistency for 'General'." />
    <Help HelpId="-1" />
  </MessageCell>
  <MessageCell ServiceId="80" MessageId="30" MessageClass="Warning" Timestamp="2/19/2024 8:08:44 AM">
    <Number ServiceNumber="80" MessageNumber="30" />
    <Text FeedbackText="Project element: '\Unidad01_Garra_Neumatica\ProgramBlocksFolder\SystemBlocksFolder\ProgramResourcesFolder\Pulso_M5-7' - Checksum inconsistency for 'General'." />
    <Help HelpId="-1" />
  </MessageCell>
  <MessageCell ServiceId="80" MessageId="30" MessageClass="Warning" Timestamp="2/19/2024 8:08:44 AM">
    <Number ServiceNumber="80" MessageNumber="30" />
    <Text FeedbackText="Project element: '\Unidad01_Garra_Neumatica\ProgramBlocksFolder\SystemBlocksFolder\ProgramResourcesFolder\Pulso_M6-0' - Checksum inconsistency for 'General'." />
    <Help HelpId="-1" />
  </MessageCell>
  <MessageCell ServiceId="80" MessageId="30" MessageClass="Warning" Timestamp="2/19/2024 8:08:44 AM">
    <Number ServiceNumber="80" MessageNumber="30" />
    <Text FeedbackText="Project element: '\Unidad01_Garra_Neumatica\ProgramBlocksFolder\SystemBlocksFolder\ProgramResourcesFolder\Pulso_M6.1' - Checksum inconsistency for 'General'." />
    <Help HelpId="-1" />
  </MessageCell>
  <MessageCell ServiceId="80" MessageId="30" MessageClass="Warning" Timestamp="2/19/2024 8:08:44 AM">
    <Number ServiceNumber="80" MessageNumber="30" />
    <Text FeedbackText="Project element: '\Unidad01_Garra_Neumatica\ProgramBlocksFolder\SystemBlocksFolder\ProgramResourcesFolder\Pulso_M6.2' - Checksum inconsistency for 'General'." />
    <Help HelpId="-1" />
  </MessageCell>
  <MessageCell ServiceId="80" MessageId="30" MessageClass="Warning" Timestamp="2/19/2024 8:08:44 AM">
    <Number ServiceNumber="80" MessageNumber="30" />
    <Text FeedbackText="Project element: '\Unidad01_Garra_Neumatica\ProgramBlocksFolder\SystemBlocksFolder\ProgramResourcesFolder\Contador_Y' - Checksum inconsistency for 'General'." />
    <Help HelpId="-1" />
  </MessageCell>
  <MessageCell ServiceId="80" MessageId="30" MessageClass="Warning" Timestamp="2/19/2024 8:08:44 AM">
    <Number ServiceNumber="80" MessageNumber="30" />
    <Text FeedbackText="Project element: '\Unidad02_Maquinados\ProgramBlocksFolder\SystemBlocksFolder\ProgramResourcesFolder\GET_DB_2' - Checksum inconsistency for 'General'." />
    <Help HelpId="-1" />
  </MessageCell>
  <MessageCell ServiceId="80" MessageId="30" MessageClass="Warning" Timestamp="2/19/2024 8:08:44 AM">
    <Number ServiceNumber="80" MessageNumber="30" />
    <Text FeedbackText="Project element: '\Unidad01_Garra_Neumatica\ProgramBlocksFolder\SystemBlocksFolder\ProgramResourcesFolder\Contador_Pinza' - Checksum inconsistency for 'General'." />
    <Help HelpId="-1" />
  </MessageCell>
  <MessageCell ServiceId="80" MessageId="30" MessageClass="Warning" Timestamp="2/19/2024 8:08:44 AM">
    <Number ServiceNumber="80" MessageNumber="30" />
    <Text FeedbackText="Project element: '\Unidad01_Garra_Neumatica\ProgramBlocksFolder\SystemBlocksFolder\ProgramResourcesFolder\Pulso_M6-3' - Checksum inconsistency for 'General'." />
    <Help HelpId="-1" />
  </MessageCell>
  <MessageCell ServiceId="80" MessageId="30" MessageClass="Warning" Timestamp="2/19/2024 8:08:44 AM">
    <Number ServiceNumber="80" MessageNumber="30" />
    <Text FeedbackText="Project element: '\Unidad01_Garra_Neumatica\ProgramBlocksFolder\SystemBlocksFolder\ProgramResourcesFolder\Pulso_M4-2' - Checksum inconsistency for 'General'." />
    <Help HelpId="-1" />
  </MessageCell>
  <MessageCell ServiceId="80" MessageId="30" MessageClass="Warning" Timestamp="2/19/2024 8:08:44 AM">
    <Number ServiceNumber="80" MessageNumber="30" />
    <Text FeedbackText="Project element: '\Unidad01_Garra_Neumatica\ProgramBlocksFolder\SystemBlocksFolder\ProgramResourcesFolder\Pulso_M3-7' - Checksum inconsistency for 'General'." />
    <Help HelpId="-1" />
  </MessageCell>
  <MessageCell ServiceId="80" MessageId="30" MessageClass="Information" Timestamp="2/19/2024 8:08:47 AM">
    <Number ServiceNumber="80" MessageNumber="30" />
    <Text FeedbackText="The cross-reference information is being converted." />
    <Help HelpId="-1" />
  </MessageCell>
  <MessageCell ServiceId="80" MessageId="30" MessageClass="Information" Timestamp="2/19/2024 8:08:48 AM">
    <Number ServiceNumber="80" MessageNumber="30" />
    <Text FeedbackText="The cross-reference information was created successfully." />
    <Help HelpId="-1" />
  </MessageCell>
  <MessageCell ServiceId="80" MessageId="30" MessageClass="Information" Timestamp="2/19/2024 8:08:48 AM">
    <Number ServiceNumber="80" MessageNumber="30" />
    <Text FeedbackText="Conversion of the cross-reference information is finished." />
    <Help HelpId="-1" />
  </MessageCell>
  <Details ServiceId="80" MessageId="30" Timestamp="2/19/2024 8:08:48 AM" Debug="false">
    <Text>Package container 'Siemens.Simatic.Lang.S7BSW.V16.0.0.0.NonMandatory' was deleted</Text>
  </Details>
  <Details ServiceId="80" MessageId="30" Timestamp="2/19/2024 8:08:48 AM" Debug="false">
    <Text>Package container 'HW.S71200.CPU.CPU_12XX.MDD_6ES72XX_XXXXX_XXXX_4.4_16.0.0' was deleted</Text>
  </Details>
  <MessageCell ServiceId="Automation-ObjectFrame-Feedbacks" MessageId="ConversionInfoTabProjectSucceeded" MessageClass="Success" Timestamp="2/19/2024 8:08:49 AM">
    <Number ServiceNumber="80" MessageNumber="34" />
    <Text FeedbackText="Project 'C:\Users\luisr\Downloads\PRUEBA_GARRA_ENCODER\PRUEBA_GARRA_ENCODER\System\PEData.plf' was successfully upgraded and saved as project 'C:\Users\luisr\Downloads\PRUEBA_GARRA_ENCODER\PRUEBA_GARRA_ENCODER_V17\System\PEData.plf'." />
    <Help HelpId="-1" HelpFile="" />
  </MessageCell>
  <MessageCell ServiceId="80" MessageId="30" MessageClass="Information" Timestamp="2/19/2024 8:08:49 AM">
    <Number ServiceNumber="80" MessageNumber="30" />
    <Text FeedbackText="FinalCheckRemainingErrors" />
    <Help HelpId="-1" />
  </MessageCell>
  <Details ServiceId="80" MessageId="30" Timestamp="2/19/2024 8:08:49 AM" Debug="false">
    <Text>No error is detected.</Text>
  </Details>
</LogFile>